<?xml version="1.0" encoding="UTF-8"?>
<beans xmlns="http://www.springframework.org/schema/beans"
 xmlns:context="http://www.springframework.org/schema/context"
	xmlns:jpa="http://www.springframework.org/schema/data/jpa"
	xmlns:tx="http://www.springframework.org/schema/tx"
 xmlns:xsi="http://www.w3.org/2001/XMLSchema-instance"
 xsi:schemaLocation="http://www.springframework.org/schema/beans
http://www.springframework.org/schema/beans/spring-beans-4.0.xsd
 http://www.springframework.org/schema/context
   http://www.springframework.org/schema/context/spring-context-3.0.xsd
   http://www.springframework.org/schema/data/jpa 
    http://www.springframework.org/schema/data/jpa/spring-jpa-1.0.xsd
    http://www.springframework.org/schema/tx 
    http://www.springframework.org/schema/tx/spring-tx-3.1.xsd">

<bean id="dateFormat" class="java.text.SimpleDateFormat">
	<constructor-arg value="dd/MM/yyyy" />
</bean>

<context:component-scan
		base-package="com.cognizant.truyum" />
		
<!-- Configure the data source bean -->
	<bean name="dataSource" class="org.springframework.jdbc.datasource.DriverManagerDataSource">
		<property name="driverClassName" value="com.mysql.cj.jdbc.Driver" />
		<property name="url" value="jdbc:mysql://localhost:3306/truyum" />
		<property name="username" value="root" />
		<property name="password" value="Aishu@123" />
	</bean>

	<!-- Create default configuration for Hibernate -->
	<bean id="hibernateJpaVendorAdapter"
		class="org.springframework.orm.jpa.vendor.HibernateJpaVendorAdapter" />

	<!-- Configure the entity manager factory bean -->
	<bean id="entityManagerFactory"
		class="org.springframework.orm.jpa.LocalContainerEntityManagerFactoryBean">
		<property name="dataSource" ref="dataSource" />
		<property name="jpaVendorAdapter" ref="hibernateJpaVendorAdapter" />
		<!-- Set JPA properties -->
		<property name="jpaProperties">
			<props>
				<prop key="hibernate.dialect">org.hibernate.dialect.MySQL5Dialect</prop>
				<prop key="hibernate.enable_lazy_load_no_trans">true</prop>
				<prop key="javax.persistence.schema-generation.database.action">none</prop>
				<prop key="hibernate.ejb.use_class_enhancer">true</prop>
			</props>
		</property>
		<!-- Set base package of your entities -->
		<property name="packagesToScan" value="com.cognizant.truyum" />
		<!-- Set share cache mode -->
		<property name="sharedCacheMode" value="ENABLE_SELECTIVE" />
		<!-- Set validation mode -->
		<property name="validationMode" value="NONE" />
	</bean>

	<!-- Configure the transaction manager bean -->
	<bean id="transactionManager" class="org.springframework.orm.jpa.JpaTransactionManager">
		<property name="entityManagerFactory" ref="entityManagerFactory" />
	</bean>

	<!-- Enable annotation driven transaction management -->
	<tx:annotation-driven />

	<!-- Configure Spring Data JPA and set the base package of the repository 
		interfaces -->
	<jpa:repositories base-package="com.cognizant.truyum.repository" />


<!-- Bean for Sandwich (1, "Sandwich", 99f, true, DateUtil.convertToDate("15/03/2017"),"Main Course", true)-->
<bean class="com.cognizant.truyum.model.MenuItem" id="sandwich">
	<property name="id" value="1"/>
	<property name="name" value="Sandwich"/>
	<property name="price" value="99.0"/>
	<property name="active" value="true"/>
	<property name="dateOfLaunch">
	<bean factory-bean="dateFormat" factory-method="parse">
		<constructor-arg value="15/03/2017" />
	</bean>
	</property>
	<property name="category" value="Main Course"/>
	<property name="freeDelivery" value="true"/>
</bean>

 <!-- Bean for Burger (2, "Burger", 129f, true, DateUtil.convertToDate("23/12/2017"),"Main Course", false)-->
<bean class="com.cognizant.truyum.model.MenuItem" id="burger">
	<property name="id" value="2"/>
	<property name="name" value="Burger"/>
	<property name="price" value="129.0"/>
	<property name="active" value="true"/>
	<property name="dateOfLaunch">
	<bean factory-bean="dateFormat" factory-method="parse">
		 <constructor-arg value="23/12/2017" />
	</bean>
	</property>
	<property name="category" value="Main Course"/>
	<property name="freeDelivery" value="false"/>
</bean>

<!-- Bean for Pizza (3, "Pizza", 149f, true, DateUtil.convertToDate("21/08/2018"),"Main Course", false)-->
<bean class="com.cognizant.truyum.model.MenuItem" id="pizza">
	<property name="id" value="3"/>
	<property name="name" value="Pizza"/>
	<property name="price" value="149.0"/>
	<property name="active" value="true"/>
	<property name="dateOfLaunch">
	<bean factory-bean="dateFormat" factory-method="parse">
		<constructor-arg value="21/08/2018" />
	</bean>
	</property>
	<property name="category" value="Main Course"/>
	<property name="freeDelivery" value="false"/>
</bean>

 <!-- Bean for French Fries (4, "French Fries", 57f, false, DateUtil.convertToDate("02/07/2017"), "Starters", true)-->
<bean class="com.cognizant.truyum.model.MenuItem" id="fries">
	<property name="id" value="4"/>
	<property name="name" value="French Fries"/>
	<property name="price" value="57.0"/>
	<property name="active" value="false"/>
	<property name="dateOfLaunch">
	<bean factory-bean="dateFormat" factory-method="parse">
		<constructor-arg value="02/07/2017" />
	</bean>
	</property>
	<property name="category" value="Starters"/>
	<property name="freeDelivery" value="true"/>
</bean>

<!-- Bean for Chocolate Brownie (5, "Chocolate Brownie", 32f, true, DateUtil.convertToDate("02/11/2022"), "Dessert", true)-->
<bean class="com.cognizant.truyum.model.MenuItem" id="brownie">
	<property name="id" value="5"/>
	<property name="name" value="Chocolate Brownie"/>
	<property name="price" value="32.0"/>
	<property name="active" value="true"/>
	<property name="dateOfLaunch">
	<bean factory-bean="dateFormat" factory-method="parse">
		<constructor-arg value="02/11/2022" />
	</bean>
	</property>
	<property name="category" value="Dessert"/>
	<property name="freeDelivery" value="true"/>
</bean>

<!-- Bean for menuItemList -->
<bean class="java.util.ArrayList" id="menuItems">
	<constructor-arg>
		<list>
		<ref bean="sandwich"/>
		<ref bean="burger"/>
		<ref bean="pizza"/>
		<ref bean="fries"/>
		<ref bean="brownie"/>
		</list>
	</constructor-arg>
</bean>

<bean class="com.cognizant.truyum.dao.MenuItemDaoCollectionImpl" id="menuItemDaoCollectionImpl">
	<property name="menuItemList" ref="menuItems"/>
</bean>
<bean class="com.cognizant.truyum.service.MenuItemService" id="menuItemService">
 	<property name="menuItemDao" ref="menuItemDaoCollectionImpl"/>
</bean>
</beans>
